"Data","Shizuka_boot","Ascanio_boot","Ascanio_perm"
"sparrow",0.840066859214482,0.893503209845338,0.355374774990247
"tho",0.387808539605062,0.62296370697548,0.341560666048915
"tit",0.985650174823803,0.991112050754206,0.334819033250283
