"Data","Shizuka_boot","Ascanio_boot","Ascanio_perm"
"tho",0.398372580682339,0.639601067862282,0.344800498415364
"tit",0.985725621574239,0.991072590758228,0.333015611988918
"uk",0.934506252771025,0.94757372094866,0.225763005363284
